time,latitude,longitude,depth,mag,magType,nst,gap,dmin,rms,net,id,updated,place,type,horizontalError,depthError,magError,magNst,status,locationSource,magSource
2022-03-02T15:56:26.060Z,38.8356667,-122.805336,2.03,0.85,md,11,108,0.01202,0.02,nc,nc73700036,2022-03-02T15:58:03.219Z,"7km WNW of Cobb, CA",earthquake,0.39,1.03,,1,automatic,nc,nc
2022-03-02T15:22:18.595Z,63.7198,-150.6613,1.6,1.4,ml,,,,0.56,ak,ak0222t4ufdt,2022-03-02T15:32:55.144Z,"56 km ENE of Denali National Park, Alaska",earthquake,,0.4,,,automatic,ak,ak
2022-03-02T15:09:06.820Z,17.9311666666667,-66.8551666666667,11.4,2.13,md,4,221,,0.1,pr,pr71338553,2022-03-02T15:43:40.760Z,"6 km SE of Maria Antonia, Puerto Rico",earthquake,0.92,2.99,0.0726541015991273,4,reviewed,pr,pr
2022-03-02T15:07:07.550Z,38.7724991,-122.879837,2.03,1.43,md,28,148,0.02633,0.06,nc,nc73700026,2022-03-02T15:56:13.823Z,"11km W of The Geysers, CA",earthquake,0.43,0.47,0.05,5,automatic,nc,nc
2022-03-02T15:03:00.512Z,-30.0922,-177.6706,35,5.5,mb,,58,0.855,0.95,us,us6000h1e8,2022-03-02T15:50:40.474Z,"Kermadec Islands, New Zealand",earthquake,8.8,1.9,0.034,309,reviewed,us,us
2022-03-02T14:57:37.540Z,38.8328323,-122.7931671,6.56,0.36,md,7,78,0.005989,0.04,nc,nc73700011,2022-03-02T15:24:14.645Z,"6km W of Cobb, CA",earthquake,1.14,3.4,,1,automatic,nc,nc
2022-03-02T14:52:25.459Z,63.0052,-150.5116,94.4,1.6,ml,,,,0.54,ak,ak0222t4ffsl,2022-03-02T15:02:21.538Z,"58 km NNE of Petersville, Alaska",earthquake,,0.8,,,automatic,ak,ak
2022-03-02T14:44:37.791Z,63.1557,-144.4264,13.7,1.2,ml,,,,0.51,ak,ak0222t4dr0j,2022-03-02T14:47:49.612Z,"42 km NW of Mentasta Lake, Alaska",earthquake,,0.7,,,automatic,ak,ak
2022-03-02T14:26:13.210Z,18.023,-66.9548333333333,10.71,2.72,md,4,219,,0.09,pr,pr71338538,2022-03-02T14:55:15.650Z,"2 km SSW of Liborio Negron Torres, Puerto Rico",earthquake,3.99,4.56,0.0743436254933489,2,reviewed,pr,pr
2022-03-02T14:22:51.240Z,38.8223343,-122.8085022,2.85,0.84,md,9,81,0.001622,0.01,nc,nc73700001,2022-03-02T14:52:14.461Z,"7km NW of The Geysers, CA",earthquake,0.5,1.41,,1,automatic,nc,nc
2022-03-02T13:55:52.200Z,38.8288345,-122.8043365,1.74,1.17,md,11,72,0.007042,0.01,nc,nc73699991,2022-03-02T15:56:14.822Z,"7km W of Cobb, CA",earthquake,0.36,0.84,,1,automatic,nc,nc
2022-03-02T13:51:54.990Z,38.7745018,-122.7463303,2.64,0.6,md,10,80,0.01151,0.02,nc,nc73699986,2022-03-02T15:31:13.688Z,"1km ESE of The Geysers, CA",earthquake,0.52,1.07,0.06,2,automatic,nc,nc
2022-03-02T13:30:57.146Z,61.3348,-147.3926,11.1,1.4,ml,,,,1.13,ak,ak0222t3pcvm,2022-03-02T13:35:02.264Z,"54 km SSE of Glacier View, Alaska",earthquake,,0.2,,,automatic,ak,ak
2022-03-02T13:28:59.620Z,38.8084984,-122.8246689,2.11,1.02,md,17,65,0.003542,0.03,nc,nc73699981,2022-03-02T13:37:11.000Z,"7km WNW of The Geysers, CA",earthquake,0.26,0.67,0.39,3,automatic,nc,nc
2022-03-02T13:23:10.910Z,38.8253326,-122.8564987,2.35,0.37,md,8,74,0.01692,0.01,nc,nc73699976,2022-03-02T13:32:09.963Z,"10km WNW of The Geysers, CA",earthquake,0.41,1.43,,1,automatic,nc,nc
2022-03-02T13:22:10.230Z,33.918,-116.8671667,11.15,0.84,ml,28,45,0.09437,0.23,ci,ci40197880,2022-03-02T14:21:56.656Z,"1km SE of Banning, CA",earthquake,0.35,0.87,0.197,23,reviewed,ci,ci
2022-03-02T13:16:41.569Z,61.0093,-147.2498,22.7,1.6,ml,,,,0.4,ak,ak0222t3mbng,2022-03-02T13:27:21.361Z,"34 km WNW of Tatitlek, Alaska",earthquake,,0.2,,,automatic,ak,ak
2022-03-02T13:13:30.950Z,38.8364983,-122.8213348,1.42,0.97,md,23,57,0.01125,0.06,nc,nc73699966,2022-03-02T14:00:13.125Z,"9km W of Cobb, CA",earthquake,0.21,0.47,0.25,4,automatic,nc,nc
2022-03-02T13:12:21.880Z,38.8348351,-122.8051682,2.23,0.36,md,10,61,0.01205,0.01,nc,nc73699961,2022-03-02T14:53:16.469Z,"7km WNW of Cobb, CA",earthquake,0.37,1.41,,1,automatic,nc,nc
2022-03-02T13:01:18.550Z,38.8028336,-122.770668,0.62,0.35,md,9,103,0.00884,0.02,nc,nc73699951,2022-03-02T13:40:14.019Z,"3km NNW of The Geysers, CA",earthquake,0.38,0.7,,1,automatic,nc,nc
2022-03-02T12:59:50.919Z,63.8864,-148.2773,19.1,1.7,ml,,,,1.73,ak,ak0222t3a4jz,2022-03-02T13:09:29.156Z,"34 km E of Healy, Alaska",earthquake,,0.5,,,automatic,ak,ak
2022-03-02T12:58:15.280Z,38.8279991,-122.8011703,2.07,0.33,md,15,46,0.008337,0.01,nc,nc73699946,2022-03-02T13:29:20.938Z,"7km W of Cobb, CA",earthquake,0.27,0.55,0.35,2,automatic,nc,nc
2022-03-02T12:57:32.490Z,38.8381653,-122.8079987,2.11,0.81,md,15,53,0.01379,0.02,nc,nc73699941,2022-03-02T14:27:11.295Z,"8km WNW of Cobb, CA",earthquake,0.28,0.69,0.1,3,automatic,nc,nc
2022-03-02T12:52:09.188Z,-30.0581,-177.771,36.21,6.6,mww,,27,0.804,0.67,us,us6000h1d2,2022-03-02T14:55:46.774Z,"Kermadec Islands, New Zealand",earthquake,7.4,4.4,0.059,28,reviewed,us,us
2022-03-02T12:43:00.760Z,38.7948341,-122.8123322,6.79,0.35,md,7,127,0.009727,0.07,nc,nc73699936,2022-03-02T13:08:13.795Z,"5km WNW of The Geysers, CA",earthquake,2.25,2.24,,1,automatic,nc,nc
2022-03-02T12:21:09.300Z,33.3858333,-116.9605,5.54,0.82,ml,21,52,0.05976,0.15,ci,ci40197864,2022-03-02T12:24:38.527Z,"10km WNW of Palomar Observatory, CA",earthquake,0.26,0.96,0.091,22,automatic,ci,ci
2022-03-02T12:14:35.447Z,62.1343,-152.2325,127.5,1.9,ml,,,,0.39,ak,ak0222t30g61,2022-03-02T12:19:13.455Z,"46 km WNW of Skwentna, Alaska",earthquake,,0.7,,,automatic,ak,ak
2022-03-02T12:11:05.478Z,66.4033,-144.0075,40,2.7,ml,,,,1.34,ak,ak0222t2zqoj,2022-03-02T12:14:52.735Z,"30 km SSW of Chalkyitsik, Alaska",earthquake,,7.5,,,automatic,ak,ak
2022-03-02T11:56:02.080Z,35.1885,-118.6943333,5.96,1.39,ml,25,89,0.04272,0.16,ci,ci40197848,2022-03-02T14:22:51.128Z,"12km E of Arvin, CA",earthquake,0.29,0.73,0.154,27,automatic,ci,ci
2022-03-02T11:54:37.800Z,38.821167,-122.7894974,0.73,1.16,md,25,37,0.01048,0.04,nc,nc73699921,2022-03-02T13:50:15.241Z,"6km NNW of The Geysers, CA",earthquake,0.17,0.34,0.05,5,automatic,nc,nc
2022-03-02T11:47:46.090Z,33.5878333,-118.2503333,0.96,1.78,ml,28,110,0.1297,0.36,ci,ci40197840,2022-03-02T11:51:38.328Z,"17km SSE of San Pedro, CA",earthquake,0.58,31.61,0.143,27,automatic,ci,ci
2022-03-02T11:39:41.610Z,38.8118324,-122.7776642,0.38,0.84,md,10,110,0.002757,0.02,nc,nc73699906,2022-03-02T13:08:14.795Z,"4km NNW of The Geysers, CA",earthquake,0.33,0.64,,1,automatic,nc,nc
2022-03-02T11:30:27.702Z,59.9378,-152.738,83.6,1.4,ml,,,,0.35,ak,ak0222t2i8zh,2022-03-02T11:34:38.622Z,"53 km WNW of Anchor Point, Alaska",earthquake,,0.4,,,automatic,ak,ak
2022-03-02T11:20:23.660Z,35.944,-118.8153333,27.47,1.31,ml,10,79,0.2205,0.21,ci,ci40197824,2022-03-02T11:23:59.151Z,"23km SE of Porterville, CA",earthquake,0.67,1.21,0.249,9,automatic,ci,ci
2022-03-02T11:13:34.860Z,18.9415,-66.5701666666667,35.84,3.15,md,10,249,,0.36,pr,pr71338533,2022-03-02T13:52:34.790Z,"53 km N of Tierras Nuevas Poniente, Puerto Rico",earthquake,2.03,5.98,0.166944533623398,5,reviewed,pr,pr
2022-03-02T11:10:02.818Z,-58.4725,-24.9371,35,5,mb,,91,7.66,0.81,us,us6000h1cl,2022-03-02T11:28:36.040Z,"South Sandwich Islands region",earthquake,7.3,2,0.111,26,reviewed,us,us
2022-03-02T11:07:57.520Z,19.2049999237061,-155.389495849609,36.2000007629395,1.75,md,23,201,,0.129999995,hv,hv72934787,2022-03-02T11:11:06.120Z,"9 km E of Pāhala, Hawaii",earthquake,0.95,1.35000002,1.75,6,automatic,hv,hv
2022-03-02T10:47:26.905Z,38.519,-119.5147,4.5,1.2,ml,13,192.43,0.062,0.2593,nn,nn00834746,2022-03-02T10:50:59.565Z,"3 km W of Walker, California",earthquake,,1,0.35,5,automatic,nn,nn
2022-03-02T10:43:21.690Z,38.8226662,-122.7659988,2.01,0.96,md,12,117,0.008372,0.03,nc,nc73699891,2022-03-02T11:13:15.104Z,"4km W of Cobb, CA",earthquake,0.35,0.67,0.28,2,automatic,nc,nc
2022-03-02T10:42:34.790Z,38.8278351,-122.8131638,2.06,0.94,md,26,45,0.005048,0.03,nc,nc73699886,2022-03-02T11:05:19.063Z,"8km NW of The Geysers, CA",earthquake,0.2,0.36,0.06,5,automatic,nc,nc
2022-03-02T10:37:54.714Z,61.6427,-150.789,57.3,1.4,ml,,,,0.71,ak,ak0222t1yjvz,2022-03-02T10:43:43.320Z,"18 km NW of Susitna, Alaska",earthquake,,0.7,,,automatic,ak,ak
2022-03-02T10:37:51.370Z,36.7088318,-121.3506699,2.72,1.65,md,13,158,0.003612,0.11,nc,nc73699881,2022-03-02T12:30:10.552Z,"9km SSW of Tres Pinos, CA",earthquake,0.56,0.48,0.24,8,automatic,nc,nc
2022-03-02T10:35:32.620Z,17.9363333333333,-66.8165,13.27,2.42,md,12,179,,0.21,pr,pr71338523,2022-03-02T11:11:49.120Z,"6 km S of Indios, Puerto Rico",earthquake,0.85,0.53,0.147173367383892,7,reviewed,pr,pr
2022-03-02T10:34:34.700Z,19.1574993133545,-155.477828979492,34.5999984741211,2.11999989,md,35,163,,0.140000001,hv,hv72934777,2022-03-02T10:37:42.900Z,"5 km S of Pāhala, Hawaii",earthquake,0.79,1.00999999,2.26999998,4,automatic,hv,hv
2022-03-02T10:25:02.690Z,17.9336666666667,-66.8168333333333,13.73,2,md,7,219,,0.06,pr,pr71338508,2022-03-02T11:16:23.910Z,"6 km S of Indios, Puerto Rico",earthquake,0.79,0.27,0.0995717855587898,6,reviewed,pr,pr
2022-03-02T10:23:59.914Z,61.922,-152.1704,2,1.6,ml,,,,0.54,ak,ak0222t1vk81,2022-03-02T10:32:21.856Z,"Southern Alaska",earthquake,,0.3,,,automatic,ak,ak
2022-03-02T10:18:11.340Z,38.7905006,-122.803833,3.22,0.81,md,19,75,0.002252,0.03,nc,nc73699876,2022-03-02T10:41:19.927Z,"4km WNW of The Geysers, CA",earthquake,0.28,0.72,0.28,3,automatic,nc,nc
2022-03-02T10:16:26.642Z,60.976,-147.2706,17,3.8,ml,,,,0.63,ak,ak0222t1tzlu,2022-03-02T15:02:48.542Z,"34 km WNW of Tatitlek, Alaska",earthquake,,0.3,,,reviewed,ak,ak
2022-03-02T10:14:20.417Z,-18.3624,-173.584,35,5,mb,,130,4.754,0.81,us,us6000h1ce,2022-03-02T10:32:08.040Z,"52 km NE of Neiafu, Tonga",earthquake,10.1,1.8,0.105,29,reviewed,us,us
2022-03-02T10:11:49.040Z,19.191333770752,-155.45182800293,36.1500015258789,2.06,ml,45,124,,0.129999995,hv,hv72934747,2022-03-02T10:37:55.040Z,"3 km ESE of Pāhala, Hawaii",earthquake,0.54,0.49000001,4.63,6,automatic,hv,hv
2022-03-02T10:05:23.760Z,19.0548,-66.6015,47,3.54,md,19,248,0.5822,0.41,pr,pr2022061002,2022-03-02T10:51:03.515Z,"65 km N of Arecibo, Puerto Rico",earthquake,1.66,4.79,0.13,12,reviewed,pr,pr
2022-03-02T09:58:26.936Z,35.5553,69.7992,86.72,5.2,mb,,38,1.187,0.75,us,us6000h1c9,2022-03-02T15:29:43.302Z,"37 km NE of Bāzārak, Afghanistan",earthquake,7.4,6,0.046,158,reviewed,us,us
2022-03-02T09:58:08.910Z,38.8278351,-122.8151703,2.32,0.64,md,17,49,0.005958,0.01,nc,nc73699871,2022-03-02T10:30:13.859Z,"8km NW of The Geysers, CA",earthquake,0.27,0.65,0.01,2,automatic,nc,nc
2022-03-02T09:46:32.020Z,38.8240013,-122.7645035,2.02,0.67,md,10,124,0.007719,0.01,nc,nc73699861,2022-03-02T10:09:14.738Z,"4km W of Cobb, CA",earthquake,0.41,0.67,0.14,2,automatic,nc,nc
2022-03-02T09:42:21.820Z,38.8219986,-122.7659988,2.08,1.66,md,30,51,0.008996,0.03,nc,nc73699856,2022-03-02T11:48:11.473Z,"4km W of Cobb, CA",earthquake,0.22,0.37,0.05,9,automatic,nc,nc
2022-03-02T09:40:25.340Z,33.4161667,-116.3635,12.01,0.77,ml,24,71,0.07009,0.21,ci,ci40197808,2022-03-02T14:23:30.665Z,"18km N of Borrego Springs, CA",earthquake,0.32,0.79,0.097,17,reviewed,ci,ci
2022-03-02T09:40:07.960Z,34.8283333,-120.3618333,2.64,1.33,ml,11,68,0.1145,0.23,ci,ci40197800,2022-03-02T09:43:47.529Z,"8km ESE of Orcutt, CA",earthquake,0.52,0.98,0.223,10,automatic,ci,ci
2022-03-02T09:34:49.101Z,61.9803,-151.0663,85.4,1.6,ml,,,,0.54,ak,ak0222t1cgmh,2022-03-02T09:38:55.103Z,"17 km E of Skwentna, Alaska",earthquake,,0.8,,,automatic,ak,ak
2022-03-02T09:28:42.750Z,33.0491667,-115.592,4.59,0.94,ml,11,108,0.01379,0.17,ci,ci40197792,2022-03-02T09:32:12.387Z,"3km ENE of Westmorland, CA",earthquake,0.39,0.51,0.199,11,automatic,ci,ci
2022-03-02T09:11:27.540Z,19.1213,-66.6275,23,4.11,md,28,218,0.6516,0.32,pr,pr2022061001,2022-03-02T11:17:44.694Z,"72 km N of Arecibo, Puerto Rico",earthquake,1.11,20.07,0.07,16,reviewed,pr,pr
2022-03-02T09:09:24.710Z,34.2403333,-118.5985,2.84,1.05,ml,10,92,0.03528,0.22,ci,ci40197784,2022-03-02T09:13:05.389Z,"2km SSE of Chatsworth, CA",earthquake,0.63,0.96,0.251,21,automatic,ci,ci
2022-03-02T09:08:11.670Z,38.5848333,-112.2125,-2.24,3.44,ml,24,47,0.08101,0.22,uu,uu60483892,2022-03-02T15:55:46.886Z,"4 km S of Joseph, Utah",earthquake,0.33,0.82,0.199,27,reviewed,uu,uu
2022-03-02T09:07:13.930Z,38.7608337,-122.7348328,0.66,0.61,md,11,116,0.007833,0.03,nc,nc73699846,2022-03-02T09:23:19.479Z,"3km SE of The Geysers, CA",earthquake,0.25,0.48,0.24,3,automatic,nc,nc
2022-03-02T09:06:09.670Z,62.6481,-152.0775,117.6,1.6,ml,,,,0.51,ak,ak0222t16dhd,2022-03-02T09:18:02.793Z,"69 km WNW of Petersville, Alaska",earthquake,,1.4,,,automatic,ak,ak
2022-03-02T09:01:42.720Z,35.7666667,-117.534,6.22,0.56,ml,6,269,0.07116,0.19,ci,ci40197776,2022-03-02T09:05:13.330Z,"12km W of Searles Valley, CA",earthquake,1.2,1.05,0.136,9,automatic,ci,ci
2022-03-02T08:45:45.560Z,38.8343315,-122.809166,2.06,0.36,md,7,99,0.01094,0.02,nc,nc73699841,2022-03-02T09:02:13.366Z,"8km W of Cobb, CA",earthquake,0.51,2.1,,1,automatic,nc,nc
2022-03-02T08:34:27.320Z,36.48383333,-98.73516667,8.67,1.07,ml,40,48,0.008098410816,0.13,ok,ok2022eghe,2022-03-02T13:23:41.895Z,"16 km SE of Waynoka, Oklahoma",earthquake,,0.3,0.26,16,reviewed,ok,ok
2022-03-02T08:32:46.233Z,38.1555,-117.9676,10.1,1.8,ml,19,114.12,0.018,0.1999,nn,nn00834741,2022-03-02T08:36:20.887Z,"28 km SSE of Mina, Nevada",earthquake,,0.3,0.15,7,automatic,nn,nn
2022-03-02T08:30:20.854Z,61.6624,-151.0313,64.2,1.3,ml,,,,0.48,ak,ak0222t0q41x,2022-03-02T08:33:58.329Z,"30 km WNW of Susitna, Alaska",earthquake,,0.5,,,automatic,ak,ak
2022-03-02T08:23:56.230Z,35.9886667,-117.6708333,2.55,1.17,ml,17,95,0.04393,0.13,ci,ci40197768,2022-03-02T14:26:25.070Z,"22km ENE of Little Lake, CA",earthquake,0.34,0.29,0.126,15,reviewed,ci,ci
2022-03-02T08:16:23.750Z,35.6801667,-117.512,5.56,0.69,ml,8,164,0.1521,0.21,ci,ci40197760,2022-03-02T08:19:55.231Z,"14km SW of Searles Valley, CA",earthquake,0.87,31.61,0.208,8,automatic,ci,ci
2022-03-02T08:13:51.341Z,38.118,-117.8585,15,0.9,ml,9,120.71,0.082,0.3507,nn,nn00834739,2022-03-02T08:17:27.433Z,"37 km SE of Mina, Nevada",earthquake,,1,0.42,4,automatic,nn,nn
2022-03-02T08:12:39.300Z,33.4903333,-116.7561667,6.44,0.49,ml,16,50,0.07452,0.2,ci,ci40197752,2022-03-02T08:16:08.213Z,"10km SW of Anza, CA",earthquake,0.36,0.9,0.129,16,automatic,ci,ci
2022-03-02T08:07:16.380Z,61.6144,-150.994,66.8,1.4,ml,,,,0.55,ak,ak0222t0l67d,2022-03-02T08:11:15.859Z,"26 km WNW of Susitna, Alaska",earthquake,,0.5,,,automatic,ak,ak
2022-03-02T08:07:09.734Z,60.741,-143.646,8.6,1.8,ml,,,,0.52,ak,ak0222t0l5px,2022-03-02T08:11:15.714Z,"86 km SSW of McCarthy, Alaska",earthquake,,0.2,,,automatic,ak,ak
2022-03-02T07:59:54.640Z,33.366,-116.8728333,9.64,0.9,ml,26,40,0.01501,0.21,ci,ci40197744,2022-03-02T08:03:30.567Z,"1km NW of Palomar Observatory, CA",earthquake,0.29,0.67,0.171,25,automatic,ci,ci
2022-03-02T07:56:01.875Z,-6.2638,130.0637,123.27,4.5,mb,,74,2.101,0.55,us,us6000h1bn,2022-03-02T08:15:47.040Z,"Banda Sea",earthquake,6.4,7.7,0.119,29,reviewed,us,us
2022-03-02T07:53:17.020Z,17.9795,-66.7513333333333,16.65,1.96,md,7,203,,0.1,pr,pr71338463,2022-03-02T08:09:16.580Z,"4 km WSW of Tallaboa, Puerto Rico",earthquake,0.5,0.97,0.0778559489591122,4,reviewed,pr,pr
2022-03-02T07:44:20.546Z,62.5845,-151.9275,101.6,1.6,ml,,,,0.27,ak,ak0222t07oky,2022-03-02T07:48:23.093Z,"60 km W of Petersville, Alaska",earthquake,,0.7,,,automatic,ak,ak
2022-03-02T07:37:19.630Z,19.1909999847412,-155.384170532227,31.6399993896484,1.99000001,md,36,186,,0.119999997,hv,hv72934677,2022-03-02T07:40:24.400Z,"10 km E of Pāhala, Hawaii",earthquake,0.77,0.779999971,0.00999999978,5,automatic,hv,hv
2022-03-02T07:35:12.150Z,38.7983322,-122.7983322,0.13,1,md,19,52,0.009909,0.05,nc,nc73699831,2022-03-02T07:52:13.950Z,"4km WNW of The Geysers, CA",earthquake,0.2,0.45,0.16,5,automatic,nc,nc
2022-03-02T07:34:02.930Z,19.218334197998,-155.397827148438,32.5,2.22000003,md,41,150,,0.119999997,hv,hv72934672,2022-03-02T07:37:10.990Z,"8 km ENE of Pāhala, Hawaii",earthquake,0.59,0.75,0.629999995,5,automatic,hv,hv
2022-03-02T07:25:02.857Z,59.1249,-153.0187,76.7,1.4,ml,,,,0.24,ak,ak0222t03kh9,2022-03-02T07:28:41.054Z,"67 km WSW of Nanwalek, Alaska",earthquake,,1.3,,,automatic,ak,ak
2022-03-02T07:24:15.164Z,-23.4094,171.989,10,5,mb,,125,6.685,0.86,us,us6000h1bx,2022-03-02T09:06:33.040Z,"southeast of the Loyalty Islands",earthquake,8.6,1.9,0.059,91,reviewed,us,us
2022-03-02T07:22:07.490Z,36.8526649,-121.579834,6.21,1.65,md,26,96,0.03319,0.13,nc,nc73699826,2022-03-02T10:32:10.871Z,"4km WNW of San Juan Bautista, CA",earthquake,0.31,0.68,0.25,23,automatic,nc,nc
2022-03-02T07:15:21.980Z,34.0133333,-116.9653333,12.97,0.77,ml,15,127,0.08367,0.14,ci,ci40197736,2022-03-02T07:18:45.804Z,"8km ESE of Yucaipa, CA",earthquake,0.37,0.79,0.148,14,automatic,ci,ci
2022-03-02T07:08:26.500Z,17.9466666666667,-66.9638333333333,15.85,1.83,md,3,217,,0.04,pr,pr71338458,2022-03-02T08:33:31.530Z,"6 km WSW of Guánica, Puerto Rico",earthquake,2.76,1.12,0.0154041947130144,3,reviewed,pr,pr
2022-03-02T06:55:12.910Z,38.7906685,-122.8034973,3.36,0.74,md,22,68,0.002363,0.03,nc,nc73699816,2022-03-02T07:19:14.764Z,"4km WNW of The Geysers, CA",earthquake,0.28,0.63,0.11,4,automatic,nc,nc
2022-03-02T06:46:20.700Z,33.3801667,-116.3795,13.12,0.54,ml,13,90,0.06113,0.19,ci,ci40197728,2022-03-02T06:49:52.608Z,"14km N of Borrego Springs, CA",earthquake,0.54,1.25,0.201,8,automatic,ci,ci
2022-03-02T06:43:35.560Z,38.7906685,-122.8028336,2.66,1.43,md,27,56,0.002346,0.05,nc,nc73699811,2022-03-02T10:06:10.724Z,"4km WNW of The Geysers, CA",earthquake,0.24,0.45,0.09,7,automatic,nc,nc
2022-03-02T06:41:43.319Z,59.7735,-153.0819,102.9,1.3,ml,,,,0.81,ak,ak0222szlndy,2022-03-02T06:47:06.391Z,"57 km E of Pedro Bay, Alaska",earthquake,,0.9,,,automatic,ak,ak
2022-03-02T06:41:42.043Z,60.5127,-147.4098,17.7,1.4,ml,,,,1.03,ak,ak0222szlnbr,2022-03-02T06:51:57.289Z,"55 km SW of Tatitlek, Alaska",earthquake,,0.2,,,automatic,ak,ak
2022-03-02T06:40:39.926Z,-3.3074,139.0356,70.09,4.9,mb,,123,6.787,0.48,us,us6000h1c7,2022-03-02T10:06:29.040Z,"194 km WSW of Abepura, Indonesia",earthquake,11.4,6.9,0.06,88,reviewed,us,us
2022-03-02T06:40:14.047Z,60.5265,-147.3978,19.8,1.9,ml,,,,0.76,ak,ak0222szldh1,2022-03-02T06:49:46.927Z,"54 km SW of Tatitlek, Alaska",earthquake,,0.5,,,automatic,ak,ak
2022-03-02T06:26:04.895Z,-18.5808,-69.602,134.16,4.3,mb,,90,0.732,0.56,us,us6000h1b4,2022-03-02T07:21:29.040Z,"74 km E of Arica, Chile",earthquake,6.3,6.6,0.104,26,reviewed,us,us
2022-03-02T06:22:28.150Z,63.4932,-147.5601,0,1.4,ml,,,,1.12,ak,ak0222szhjof,2022-03-02T06:26:03.931Z,"70 km E of Cantwell, Alaska",earthquake,,0.5,,,automatic,ak,ak
2022-03-02T06:17:34.572Z,62.5573,-151.2829,88.6,1.4,ml,,,,0.37,ak,ak0222szghld,2022-03-02T06:20:43.153Z,"27 km WNW of Petersville, Alaska",earthquake,,1.1,,,automatic,ak,ak
2022-03-02T06:12:25.443Z,61.9572,-149.0623,27.2,1.9,ml,,,,0.82,ak,ak0222szfebm,2022-03-02T06:23:23.541Z,"Southern Alaska",earthquake,,0.2,,,automatic,ak,ak
2022-03-02T06:01:04.250Z,36.0498333,-120.6148333,2.83,1.11,md,26,80,0.02422,0.06,nc,nc73699801,2022-03-02T09:41:11.580Z,"24km NW of Parkfield, CA",earthquake,0.24,0.55,0.194,15,reviewed,nc,nc
2022-03-02T05:35:30.550Z,38.8398323,-122.8089981,1.28,0.85,md,7,120,0.01464,0.05,nc,nc73699796,2022-03-02T06:04:16.277Z,"8km WNW of Cobb, CA",earthquake,0.53,1.74,,1,automatic,nc,nc
2022-03-02T05:31:02.970Z,38.836834,-122.8063354,1.99,0.71,md,16,62,0.01259,0.01,nc,nc73699791,2022-03-02T05:54:17.215Z,"7km WNW of Cobb, CA",earthquake,0.24,0.48,0.14,2,automatic,nc,nc
2022-03-02T05:17:21.320Z,35.763,-117.5661667,6.8,0.88,ml,11,165,0.05847,0.13,ci,ci40197712,2022-03-02T05:20:51.074Z,"15km W of Searles Valley, CA",earthquake,0.45,0.75,0.269,8,automatic,ci,ci
2022-03-02T05:16:07.250Z,38.8370018,-122.8063354,1.91,0.36,md,6,161,0.01257,0.01,nc,nc73699786,2022-03-02T05:25:11.039Z,"7km WNW of Cobb, CA",earthquake,1.12,1.87,,1,automatic,nc,nc
2022-03-02T05:10:16.300Z,38.7975006,-122.7526703,0.96,0.36,md,8,160,0.01892,0.02,nc,nc73699781,2022-03-02T05:43:15.144Z,"2km N of The Geysers, CA",earthquake,0.6,1.84,,1,automatic,nc,nc
2022-03-02T05:08:23.800Z,35.8998333,-117.6776667,6.08,0.72,ml,8,118,0.05283,0.14,ci,ci40197696,2022-03-02T05:11:53.566Z,"21km E of Little Lake, CA",earthquake,0.73,1.52,0.171,7,automatic,ci,ci
2022-03-02T04:59:16.903Z,61.4627,-146.5638,30.2,1.3,ml,,,,0.58,ak,ak0222syil3e,2022-03-02T05:02:34.750Z,"38 km NNW of Valdez, Alaska",earthquake,,0.2,,,automatic,ak,ak
2022-03-02T04:55:38.480Z,36.8331667,-121.4276667,10.12,1.92,md,60,52,0.02649,0.11,nc,nc73699776,2022-03-02T09:15:11.571Z,"3km WSW of Hollister, CA",earthquake,0.2,0.29,0.211,55,reviewed,nc,nc
2022-03-02T04:41:39.030Z,19.4759998321533,-155.397994995117,-0.910000026226044,2.56,ml,39,57,,0.270000011,hv,hv72934542,2022-03-02T05:02:56.988Z,"17 km WNW of Volcano, Hawaii",earthquake,0.28,0.300000012,2,21,automatic,hv,hv
2022-03-02T04:41:08.325Z,-0.4536,-19.8025,10,5.3,mww,,100,9.199,0.76,us,us6000h1an,2022-03-02T04:58:53.040Z,"central Mid-Atlantic Ridge",earthquake,10,1.9,0.093,11,reviewed,us,us
2022-03-02T04:31:54.846Z,62.3698,-148.6068,28,2.4,ml,,,,0.67,ak,ak0222sycnzm,2022-03-02T04:45:12.903Z,"Central Alaska",earthquake,,0.3,,,automatic,ak,ak
2022-03-02T04:30:28.062Z,59.502,-152.7681,75.2,1.4,ml,,,,0.94,ak,ak0222syce6u,2022-03-02T04:35:11.358Z,"50 km WNW of Nanwalek, Alaska",earthquake,,0.6,,,automatic,ak,ak
2022-03-02T04:22:20.960Z,38.8048333,-122.7915,1.01,1.11,md,42,43,0.004316,0.03,nc,nc73699771,2022-03-02T08:51:11.308Z,"4km NW of The Geysers, CA",earthquake,0.11,0.22,0.087,10,reviewed,nc,nc
2022-03-02T04:17:44.569Z,38.5061,-119.4863,6.4,1.4,ml,16,165.74,0.038,0.2414,nn,nn00834736,2022-03-02T04:21:07.959Z,"1 km SW of Walker, California",earthquake,,0.4,0.21,7,automatic,nn,nn
2022-03-02T04:16:47.504Z,-14.3194,-76.5117,10,4.5,mb,,202,2.34,0.55,us,us6000h1ah,2022-03-02T04:30:51.847Z,"56 km SSW of Paracas, Peru",earthquake,7.4,2,0.181,9,reviewed,us,us
2022-03-02T04:13:38.649Z,35.82666667,-97.2905,6.23,1.08,ml,66,44,0.08458340185,0.18,ok,ok2022efyo,2022-03-02T14:56:55.609Z,"4 km WSW of Meridian, Oklahoma",earthquake,,0.4,0.25,30,reviewed,ok,ok
2022-03-02T04:06:01.130Z,18.0016666666667,-66.9201666666667,11.58,2.25,md,3,212,,0.05,pr,pr71338443,2022-03-02T05:44:27.160Z,"1 km NNW of Fuig, Puerto Rico",earthquake,2.55,1.17,0.0456787290719496,3,reviewed,pr,pr
2022-03-02T03:49:23.630Z,18.0426666666667,-66.8941666666667,18.04,1.51,md,6,122,,0.05,pr,pr71338438,2022-03-02T04:21:14.400Z,"1 km ENE of Lluveras, Puerto Rico",earthquake,0.41,0.91,0.141768527998169,4,reviewed,pr,pr
2022-03-02T03:44:50.467Z,43.9084,148.6341,10,4.8,mb,,185,4.362,0.76,us,us6000h1a6,2022-03-02T03:58:07.040Z,"154 km E of Shikotan, Russia",earthquake,10.2,1.9,0.076,53,reviewed,us,us
2022-03-02T03:34:24.160Z,37.8795,-122.2536667,9.16,1.23,md,50,36,0.00426,0.05,nc,nc73699761,2022-03-02T07:59:20.995Z,"2km ENE of Berkeley, CA",earthquake,0.15,0.21,0.288,27,reviewed,nc,nc
2022-03-02T03:31:19.234Z,59.9587,-150.817,13.3,2,ml,,,,0.76,ak,ak0222sxr5mg,2022-03-02T03:44:53.165Z,"13 km NE of Fox River, Alaska",earthquake,,0.3,,,automatic,ak,ak
2022-03-02T03:31:05.980Z,37.695,-122.1163333,7.91,1.11,md,36,64,0.05914,0.08,nc,nc73699756,2022-03-02T07:44:11.041Z,"2km NNE of San Lorenzo, CA",earthquake,0.18,0.45,0.156,24,reviewed,nc,nc
2022-03-02T03:25:17.740Z,43.8388,148.6653,10,4.5,mb,,206,4.391,0.63,us,us6000h1a3,2022-03-02T03:41:22.040Z,"156 km E of Shikotan, Russia",earthquake,7.8,1.9,0.118,21,reviewed,us,us
2022-03-02T03:20:40.755Z,64.7301,-150.8374,9.2,1.6,ml,,,,0.56,ak,ak0222sxouj9,2022-03-02T03:25:24.148Z,"31 km SSW of Manley Hot Springs, Alaska",earthquake,,0.3,,,automatic,ak,ak
2022-03-02T03:11:41.003Z,63.6009,-147.6376,6.9,1.5,ml,,,,0.39,ak,ak0222sxmwz8,2022-03-02T03:25:24.008Z,"Central Alaska",earthquake,,1,,,automatic,ak,ak
2022-03-02T03:10:52.054Z,61.7326,-149.8374,35.8,1.1,ml,,,,0.4,ak,ak0222sxmq45,2022-03-02T03:13:22.411Z,"10 km E of Willow, Alaska",earthquake,,4.4,,,automatic,ak,ak
2022-03-02T03:09:55.290Z,36.4446667,-117.8231667,7.33,2.28,ml,20,65,0.1068,0.18,ci,ci40197648,2022-03-02T03:21:15.360Z,"24km NE of Olancha, CA",earthquake,0.41,1.18,0.174,26,automatic,ci,ci
2022-03-02T03:06:58.708Z,28.2658,57.6272,10,4.6,mb,,106,3.544,0.82,us,us6000h19y,2022-03-02T03:22:45.040Z,"southern Iran",earthquake,3.5,1.9,0.075,52,reviewed,us,us
2022-03-02T03:06:55.639Z,61.8825,-149.255,18.5,1.4,ml,,,,0.47,ak,ak0222sxlviz,2022-03-02T03:10:42.053Z,"Southern Alaska",earthquake,,0.2,,,automatic,ak,ak
2022-03-02T02:58:51.552Z,62.9926,-151.7604,0,1.8,ml,,,,0.94,ak,ak0222sxbkun,2022-03-02T03:10:41.910Z,"61 km S of Denali National Park, Alaska",earthquake,,0.3,,,automatic,ak,ak
2022-03-02T02:52:35.760Z,38.8133316,-122.8126678,2.6,0.69,md,17,48,0.01025,0.03,nc,nc73699746,2022-03-02T03:26:15.333Z,"6km NW of The Geysers, CA",earthquake,0.3,0.64,0.48,3,automatic,nc,nc
2022-03-02T02:52:16.740Z,38.784668,-122.7321701,1.41,0.21,md,8,105,0.003836,0.02,nc,nc73699741,2022-03-02T03:13:16.262Z,"2km ENE of The Geysers, CA",earthquake,0.47,1.97,0.17,2,automatic,nc,nc
2022-03-02T02:22:26.230Z,38.8289986,-122.8148346,2.02,0.36,md,7,136,0.006718,0.01,nc,nc73699731,2022-03-02T02:53:22.130Z,"8km NW of The Geysers, CA",earthquake,0.37,1.49,,1,automatic,nc,nc
2022-03-02T02:12:54.006Z,61.2379,-150.1685,40.1,1.1,ml,,,,0.41,ak,ak0222sx1q3c,2022-03-02T02:17:06.457Z,"14 km W of Anchorage, Alaska",earthquake,,0.8,,,automatic,ak,ak
2022-03-02T02:07:16.930Z,38.8201667,-122.7836667,1.76,0.26,md,14,114,0.00728,0.04,nc,nc73699721,2022-03-02T03:24:10.321Z,"5km W of Cobb, CA",earthquake,0.45,0.27,0.198,4,reviewed,nc,nc
2022-03-02T01:59:51.281Z,54.4584,-165.8085,116.4,2.3,ml,,,,0.19,ak,ak0222swqdka,2022-03-02T06:00:00.469Z,"36 km N of Akutan, Alaska",earthquake,,1.1,,,reviewed,ak,ak
2022-03-02T01:59:00.750Z,38.7883333,-122.7616667,2.01,1.48,md,44,63,0.01237,0.04,nc,nc73699701,2022-03-02T07:30:14.974Z,"1km NNW of The Geysers, CA",earthquake,0.14,0.23,0.047,12,reviewed,nc,nc
2022-03-02T01:58:55.150Z,38.7901649,-122.7630005,1.84,0.69,md,16,66,0.01076,0.03,nc,nc73699696,2022-03-02T02:06:10.986Z,"2km NNW of The Geysers, CA",earthquake,0.26,0.51,0.06,4,automatic,nc,nc
2022-03-02T01:58:48.940Z,38.7913322,-122.7618332,1.85,0.85,md,9,102,0.009426,0.02,nc,nc73699691,2022-03-02T03:13:15.262Z,"2km NNW of The Geysers, CA",earthquake,0.34,1.02,,1,automatic,nc,nc
2022-03-02T01:58:34.720Z,38.7886667,-122.7613333,2.13,1.84,md,57,55,0.01201,0.04,nc,nc73699706,2022-03-02T04:50:15.814Z,"1km NNW of The Geysers, CA",earthquake,0.12,0.18,0.243,26,reviewed,nc,nc
2022-03-02T01:56:51.620Z,18.025,-66.9053333333333,12.92,1.79,md,4,175,,0.04,pr,pr71338433,2022-03-02T02:21:10.200Z,"1 km S of Lluveras, Puerto Rico",earthquake,3.04,2.16,0.0904737043625311,4,reviewed,pr,pr
2022-03-02T01:55:03.620Z,32.9581667,-116.3118333,5.72,0.33,ml,12,84,0.007947,0.13,ci,ci40197632,2022-03-02T01:58:41.557Z,"25km NE of Pine Valley, CA",earthquake,0.31,0.52,0.01,2,automatic,ci,ci
2022-03-02T01:54:29.070Z,44.2803333,-110.4533333,6.23,2.23,ml,15,100,0.05595,0.17,uu,uu60483757,2022-03-02T14:52:33.300Z,"66 km SE of West Yellowstone, Montana",earthquake,0.39,0.97,0.329,4,reviewed,uu,uu
2022-03-02T01:54:18.140Z,38.8354988,-122.802002,2.35,0.36,md,15,60,0.009557,0.01,nc,nc73699686,2022-03-02T03:19:10.438Z,"7km WNW of Cobb, CA",earthquake,0.3,1,,1,automatic,nc,nc
2022-03-02T01:35:31.250Z,17.9488333333333,-67.1156666666667,10.01,1.1,md,3,292,,0.01,pr,pr71338468,2022-03-02T08:32:41.360Z,"7 km WSW of La Parguera, Puerto Rico",earthquake,0.81,0.84,0.00892588922056858,3,reviewed,pr,pr
2022-03-02T01:12:43.390Z,35.6456667,-117.4225,13.57,1.02,ml,9,189,0.1294,0.14,ci,ci40197592,2022-03-02T01:16:15.351Z,"14km S of Searles Valley, CA",earthquake,0.93,1.45,0.18,8,automatic,ci,ci
2022-03-02T01:11:57.660Z,18.0578333333333,-66.7651666666667,9.71,1.38,md,3,182,,0.29,pr,pr71338453,2022-03-02T06:36:12.220Z,"1 km WSW of Santo Domingo, Puerto Rico",earthquake,3.27,31.61,0.0509291419085875,3,reviewed,pr,pr
2022-03-02T01:07:05.280Z,19.2334995269775,-155.395660400391,30.3700008392334,2.18,ml,43,142,,0.129999995,hv,hv72934342,2022-03-02T01:12:35.580Z,"9 km ENE of Pāhala, Hawaii",earthquake,0.59,0.769999981,3.25,5,automatic,hv,hv
2022-03-02T01:05:58.670Z,35.6488333,-117.5526667,11.55,0.79,ml,7,287,0.1668,0.08,ci,ci40197560,2022-03-02T01:09:28.436Z,"12km ENE of Ridgecrest, CA",earthquake,1.02,0.74,0.195,8,automatic,ci,ci
2022-03-02T01:02:31.500Z,38.8370018,-122.8183365,1.64,0.85,md,12,71,0.01349,0.02,nc,nc73699681,2022-03-02T01:47:23.693Z,"8km WNW of Cobb, CA",earthquake,0.3,0.93,,1,automatic,nc,nc
2022-03-02T01:00:32.700Z,19.7256,-64.9526,65,3.52,md,5,329,1.4559,0.27,pr,pr2022061000,2022-03-02T05:44:46.756Z,"153 km N of Charlotte Amalie, U.S. Virgin Islands",earthquake,5.56,17.52,0.07,2,reviewed,pr,pr
2022-03-02T00:51:57.779Z,64.0492,-148.7666,7.7,1.6,ml,,,,1.37,ak,ak0222sw383k,2022-03-02T06:15:42.108Z,"17 km ENE of Ferry, Alaska",explosion,,0.4,,,automatic,ak,ak
2022-03-02T00:50:27.232Z,44.0146,148.5291,10,4.4,mb,,164,4.279,0.57,us,us6000h19f,2022-03-02T01:12:17.040Z,"144 km SSE of Kuril’sk, Russia",earthquake,10.8,1.9,0.107,25,reviewed,us,us
2022-03-02T00:49:01.176Z,61.0328,-152.2101,114.9,2.3,ml,,,,0.56,ak,ak0222sw2oae,2022-03-02T01:24:05.040Z,"58 km W of Tyonek, Alaska",earthquake,,0.5,,,automatic,ak,ak
2022-03-02T00:35:08.873Z,38.202,-117.7398,8.2,1.4,ml,10,125.51,0.128,0.0984,nn,nn00834724,2022-03-02T00:38:55.164Z,"38 km ESE of Mina, Nevada",earthquake,,2,0.33,6,automatic,nn,nn
2022-03-02T00:34:20.997Z,61.2744,-146.852,18.3,2.7,ml,,,,0.84,ak,ak0222svzi2p,2022-03-02T00:46:46.570Z,"31 km WNW of Valdez, Alaska",earthquake,,0.3,,,automatic,ak,ak
2022-03-02T00:24:23.700Z,38.8233333,-122.7995,2.78,0.41,md,21,52,0.00826,0.02,nc,nc73699676,2022-03-02T03:55:11.490Z,"6km NW of The Geysers, CA",earthquake,0.23,0.41,0.131,3,reviewed,nc,nc
2022-03-02T00:21:18.440Z,19.2229995727539,-155.395660400391,32.9000015258789,2.00999999,md,36,148,,0.119999997,hv,hv72934302,2022-03-02T00:24:33.210Z,"8 km ENE of Pāhala, Hawaii",earthquake,0.69,0.730000019,0.140000001,9,automatic,hv,hv
2022-03-02T00:18:48.916Z,35.8151,95.7833,10,4.8,mb,,59,11.98,0.57,us,us6000h198,2022-03-02T01:34:27.040Z,"Southern Qinghai, China",earthquake,9.9,1.9,0.058,91,reviewed,us,us
2022-03-02T00:12:29.810Z,34.2773333,-118.9911667,0.86,2.03,ml,33,66,0.05868,0.3,ci,ci40197512,2022-03-02T14:18:56.135Z,"8km NNE of Camarillo, CA",earthquake,0.46,31.61,0.145,28,automatic,ci,ci
2022-03-02T00:09:52.800Z,17.9256666666667,-66.82,13.86,1.95,md,5,225,,0.1,pr,pr71338428,2022-03-02T01:18:58.420Z,"7 km S of Indios, Puerto Rico",earthquake,0.89,0.7,0.0787857921310748,2,reviewed,pr,pr
2022-03-02T00:09:11.999Z,65.0058,-147.4884,0,1.6,ml,,,,0.89,ak,ak0222svu4hv,2022-03-02T00:39:15.286Z,"8 km NE of Fox, Alaska",explosion,,0.4,,,automatic,ak,ak
2022-03-02T00:05:43.354Z,60.7792,-151.4246,68.3,1.8,ml,,,,0.85,ak,ak0222svtc1r,2022-03-02T00:16:01.093Z,"12 km NW of Nikiski, Alaska",earthquake,,0.7,,,automatic,ak,ak
2022-03-02T00:05:24.973Z,62.4556,-151.1685,79.4,1.2,ml,,,,0.38,ak,ak0222svtaqr,2022-03-02T00:37:04.741Z,"21 km WSW of Petersville, Alaska",earthquake,,0.9,,,reviewed,ak,ak
2022-03-02T00:05:20.870Z,36.5806667,-121.1355,8.51,1.42,md,19,147,0.04115,0.1,nc,nc73699671,2022-03-02T07:19:10.764Z,"6km N of Pinnacles, CA",earthquake,0.34,0.33,0.248,20,reviewed,nc,nc
2022-03-02T00:03:47.300Z,34.0291667,-116.7191667,11.45,0.8,ml,17,49,0.05987,0.15,ci,ci40197496,2022-03-02T00:07:26.265Z,"13km W of Morongo Valley, CA",earthquake,0.28,0.75,0.116,19,automatic,ci,ci
2022-03-01T23:54:22.120Z,12.1862,144.2345,10,5,mb,,168,1.525,0.68,us,us6000h18x,2022-03-02T12:04:28.105Z,"128 km SSW of Merizo Village, Guam",earthquake,11.6,1.9,0.047,145,reviewed,us,us
2022-03-01T23:23:08.600Z,33.4225,-116.996,12.76,0.99,ml,34,44,0.04484,0.21,ci,ci40197456,2022-03-01T23:26:50.288Z,"10km NE of Pala, CA",earthquake,0.26,0.67,0.158,29,automatic,ci,ci
2022-03-01T23:16:20.160Z,38.8096667,-122.8176667,2.83,1.37,md,49,55,0.009029,0.02,nc,nc73699666,2022-03-02T06:51:11.593Z,"6km NW of The Geysers, CA",earthquake,0.13,0.26,0.083,16,reviewed,nc,nc
2022-03-01T23:14:29.520Z,38.8143333,-122.8205,2.99,0.47,md,21,51,0.008703,0.03,nc,nc73699661,2022-03-02T03:47:24.451Z,"7km NW of The Geysers, CA",earthquake,0.18,0.34,0.152,4,reviewed,nc,nc
2022-03-01T23:12:58.748Z,62.3215,-148.7121,31.2,1.5,ml,,,,0.42,ak,ak0222rm0ho0,2022-03-01T23:22:12.511Z,"59 km NNW of Chickaloon, Alaska",earthquake,,0.2,,,automatic,ak,ak
2022-03-01T23:07:08.140Z,19.1516666666667,-67.276,9.89,3.41,md,19,212,,0.49,pr,pr71338413,2022-03-02T01:22:40.107Z,"75 km NNW of San Antonio, Puerto Rico",earthquake,1.53,31.61,0.145912306227869,15,reviewed,pr,pr
2022-03-01T22:58:37.523Z,59.3826,-138.9328,0,1.7,ml,,,,0.71,ak,ak0222rlovfa,2022-03-01T23:02:29.957Z,"48 km ESE of Yakutat, Alaska",earthquake,,0.3,,,automatic,ak,ak
2022-03-01T22:52:03.280Z,34.996,-118.1901667,-0.82,1.2,ml,14,72,0.1211,0.12,ci,ci40197440,2022-03-01T23:32:26.532Z,"6km SSW of Mojave, CA",quarry blast,0.32,31.61,0.163,9,reviewed,ci,ci
2022-03-01T22:51:58.560Z,38.8344994,-122.8186646,1.9,0.36,md,12,79,0.01296,0.01,nc,nc73699656,2022-03-02T00:37:10.250Z,"8km NW of The Geysers, CA",earthquake,0.32,0.76,,1,automatic,nc,nc
2022-03-01T22:49:24.590Z,33.7186667,-116.7568333,17.45,0.71,ml,16,107,0.03773,0.14,ci,ci40197432,2022-03-02T14:29:19.355Z,"4km SW of Idyllwild, CA",earthquake,0.37,0.52,0.243,17,reviewed,ci,ci
2022-03-01T22:43:53.440Z,38.7933333,-122.8005,0.22,0.24,md,10,134,0.005388,0.03,nc,nc73699651,2022-03-02T01:05:21.415Z,"4km WNW of The Geysers, CA",earthquake,0.34,0.26,0.219,3,reviewed,nc,nc
2022-03-01T22:42:27.095Z,60.3297,-142.9867,15,1.5,ml,,,,1.21,ak,ak0222rllf3s,2022-03-01T22:47:11.952Z,"123 km S of McCarthy, Alaska",earthquake,,0.2,,,automatic,ak,ak
2022-03-01T22:38:35.029Z,35.98963165,-97.19444275,4.019498825,1.71,ml,26,72.62632751,0.0824264437,0.3630414585,ok,ok2022efnm,2022-03-01T22:41:57.416Z,"5 km NE of Coyle, Oklahoma",earthquake,2.572204311,2.082422662,,20,automatic,ok,ok
2022-03-01T22:38:28.733Z,59.4256,-152.7659,75.9,2,ml,,,,0.53,ak,ak0222rlkkd5,2022-03-01T22:43:21.213Z,"48 km W of Nanwalek, Alaska",earthquake,,0.6,,,automatic,ak,ak
2022-03-01T22:34:21.717Z,60.3523,-140.1436,2.5,1.4,ml,,,,0.72,ak,ak0222rljoyj,2022-03-01T22:43:21.083Z,"92 km NNW of Yakutat, Alaska",earthquake,,0.3,,,automatic,ak,ak
2022-03-01T22:31:18.272Z,52.3501,174.1191,39.29,5.2,mww,,129,0.381,0.76,us,us6000h18d,2022-03-02T10:41:23.426Z,"83 km SE of Attu Station, Alaska",earthquake,2.9,5.8,0.066,22,reviewed,us,us
2022-03-01T22:18:22.040Z,45.0801667,-111.7331667,-2,1.44,ml,17,107,0.266,0.27,mb,mb80539389,2022-03-02T15:05:42.450Z,"29 km SE of Virginia City, Montana",quarry blast,0.87,31.61,0.14,9,reviewed,mb,mb
2022-03-01T22:11:06.720Z,33.0561667,-114.9948333,-0.2,1.77,ml,12,82,0.08489,0.26,ci,ci40197408,2022-03-01T23:17:18.447Z,"45km NE of Holtville, CA",quarry blast,0.72,31.61,0.192,3,reviewed,ci,ci
2022-03-01T22:01:58.760Z,35.6105,-120.7326667,6.23,1.11,md,25,66,0.05505,0.07,nc,nc73699641,2022-03-02T10:58:11.027Z,"5km WSW of Paso Robles, CA",earthquake,0.21,0.51,0.24,12,reviewed,nc,nc
2022-03-01T21:51:50.303Z,63.3236,-147.4164,62.3,0.7,ml,,,,0.27,ak,ak0222rl1y82,2022-03-01T23:12:41.054Z,"77 km E of Cantwell, Alaska",earthquake,,1.6,,,reviewed,ak,ak
2022-03-01T21:48:46.907Z,38.1231,-118.9498,11.3,1.1,ml,7,222.66,0.373,0.0336,nn,nn00834721,2022-03-02T02:38:17.755Z,"19 km ENE of Mono City, California",earthquake,,28.7,0,1,reviewed,nn,nn
2022-03-01T21:48:09.900Z,35.44,-117.445,4.05,1.22,ml,3,180,0.1072,0.09,ci,ci40197400,2022-03-01T23:13:52.384Z,"19km ENE of Johannesburg, CA",earthquake,2.02,6.91,0.055,1,reviewed,ci,ci
2022-03-01T21:42:04.140Z,35.6433333,-117.4473333,10.96,1.11,ml,10,178,0.136,0.16,ci,ci40197384,2022-03-01T21:45:38.236Z,"14km SSW of Searles Valley, CA",earthquake,0.56,1.06,0.128,11,automatic,ci,ci
2022-03-01T21:41:08.710Z,32.8943333,-115.5196667,6.54,1.64,ml,14,128,0.03526,0.19,ci,ci40197376,2022-03-01T21:44:53.987Z,"7km NE of Imperial, CA",earthquake,0.66,0.94,0.203,25,automatic,ci,ci
2022-03-01T21:27:08.956Z,58.2866,-154.8542,0,2.3,ml,,,,1.06,ak,ak0222rkwqcv,2022-03-01T21:38:34.240Z,"83 km NNW of Karluk, Alaska",earthquake,,0.3,,,automatic,ak,ak
2022-03-01T21:22:14.615Z,60.9523,-151.2577,0,2.2,ml,,,,0.91,ak,ak0222rkvo7r,2022-03-01T21:26:42.710Z,"14 km SSW of Tyonek, Alaska",earthquake,,0.5,,,automatic,ak,ak
2022-03-01T21:16:45.780Z,39.4253333,-110.3196667,-1.21,1.42,md,5,192,0.004385,0.04,uu,uu60483722,2022-03-01T22:46:44.500Z,"15 km SSE of Sunnyside, Utah",earthquake,1.33,0.22,0.212,4,reviewed,uu,uu
2022-03-01T21:08:58.910Z,38.8351669,-122.8000031,2.22,0.85,md,11,77,0.008209,0.01,nc,nc73699636,2022-03-01T21:26:18.107Z,"7km WNW of Cobb, CA",earthquake,0.4,0.9,,1,automatic,nc,nc
2022-03-01T20:43:55.964Z,59.9319,-152.4877,85.6,0.9,ml,,,,0.16,ak,ak0222rketu4,2022-03-01T20:48:08.439Z,"40 km WNW of Anchor Point, Alaska",earthquake,,0.8,,,automatic,ak,ak
2022-03-01T20:43:51.360Z,46.19533333333333,-122.1985,1.81,1.19,ml,10,118,0.006926,0.05,uw,uw61819696,2022-03-01T21:35:28.320Z,"37 km NNE of Amboy, Washington",earthquake,0.36,0.38,0.06028605470352488,5,reviewed,uw,uw
2022-03-01T20:42:01.461Z,61.9977,-149.5688,28.7,1.7,ml,,,,0.62,ak,ak0222rkehxc,2022-03-01T20:49:48.734Z,"23 km SE of Susitna North, Alaska",earthquake,,0.4,,,automatic,ak,ak
2022-03-01T20:40:32.580Z,61.31,-152.251666666667,2.19,0.12,ml,7,149,,0.07,av,av91050743,2022-03-02T06:39:26.680Z,"65 km WNW of Beluga, Alaska",earthquake,0.66,1.49,0.115508373867063,6,reviewed,av,av
2022-03-01T20:37:25.160Z,38.8263333,-122.8545,2.28,1.43,md,49,61,0.002213,0.03,nc,nc73699621,2022-03-02T05:33:11.088Z,"10km WNW of The Geysers, CA",earthquake,0.13,0.21,0.07,12,reviewed,nc,nc
2022-03-01T20:36:15.827Z,58.8665,-154.0835,103.9,1.9,ml,,,,0.76,ak,ak0222rkd8ql,2022-03-01T20:41:07.315Z,"75 km SSE of Kokhanok, Alaska",earthquake,,0.6,,,automatic,ak,ak
2022-03-01T20:35:23.090Z,18.0365,-66.875,15.94,2.16,md,28,55,,0.27,pr,pr71338368,2022-03-01T20:59:28.140Z,"2 km N of Palomas, Puerto Rico",earthquake,0.42,0.77,0.162584621760703,9,reviewed,pr,pr
2022-03-01T20:32:17.130Z,33.0838318,-117.3113327,14.05,1.54,ml,20,197,0.098,0.3,ci,ci40197336,2022-03-01T20:36:00.401Z,"6km NNW of Encinitas, CA",earthquake,1.32,1.85,0.183,5,automatic,ci,ci
2022-03-01T20:26:29.180Z,18.0231666666667,-66.8543333333333,14.63,2.32,md,6,122,,0.11,pr,pr71338358,2022-03-01T20:44:20.080Z,"1 km SSW of Yauco, Puerto Rico",earthquake,0.66,0.86,0.0988287835163797,4,reviewed,pr,pr
2022-03-01T20:13:18.230Z,43.22233333333333,-123.2925,-0.53,1.23,md,8,103,0.07434,0.17,uw,uw61819686,2022-03-01T21:39:54.410Z,"4 km E of Roseburg, Oregon",explosion,0.64,31.61,0.2969692973114113,5,reviewed,uw,uw
2022-03-01T20:11:19.350Z,19.2084999084473,-155.464004516602,35.1699981689453,1.88,md,27,145,,0.140000001,hv,hv72934107,2022-03-01T20:14:21.470Z,"1 km ENE of Pāhala, Hawaii",earthquake,0.65,0.829999983,0.75,3,automatic,hv,hv
2022-03-01T20:07:35.770Z,36.0043333,-117.811,1.45,0.88,ml,8,77,0.02187,0.12,ci,ci40197312,2022-03-01T20:11:07.264Z,"11km NE of Little Lake, CA",earthquake,0.28,0.41,0.183,12,automatic,ci,ci
2022-03-01T20:00:43.010Z,32.7523333,-116.9063333,6.01,1.4,ml,14,100,0.03468,0.15,ci,ci40197296,2022-03-01T20:04:14.268Z,"3km ENE of Rancho San Diego, CA",quarry blast,0.46,0.85,0.257,24,automatic,ci,ci
2022-03-01T19:59:44.180Z,33.0045,-116.2853333,4.06,1.06,ml,31,87,0.05202,0.23,ci,ci40197288,2022-03-01T20:03:19.401Z,"21km SW of Ocotillo Wells, CA",earthquake,0.34,0.76,0.154,25,automatic,ci,ci
2022-03-01T19:54:24.506Z,38.1714,-117.8276,7.7,1.3,ml,15,145.71,0.109,0.1091,nn,nn00834676,2022-03-02T02:37:59.894Z,"34 km SE of Mina, Nevada",earthquake,,2.7,0.71,4,reviewed,nn,nn
2022-03-01T19:41:00.736Z,60.9875,-151.1297,4.9,1.9,ml,,,,0.58,ak,ak0222rjsujh,2022-03-01T19:54:09.808Z,"Kenai Peninsula, Alaska",earthquake,,0.2,,,automatic,ak,ak
2022-03-01T19:35:47.458Z,16.3096,-96.3878,48.53,5.3,mww,,92,2.429,0.78,us,us6000h179,2022-03-02T14:25:54.464Z,"2 km ESE of San Cristóbal Amatlán, Mexico",earthquake,7,6.8,0.098,10,reviewed,us,us
2022-03-01T19:28:11.990Z,35.0308333,-117.685,0.31,1.62,ml,20,88,0.09667,0.27,ci,ci40197264,2022-03-01T19:32:06.900Z,"5km NW of Boron, CA",quarry blast,0.73,31.61,0.156,27,automatic,ci,ci
2022-03-01T19:25:14.890Z,19.173999786377,-155.473327636719,34.7700004577637,2.09,ml,42,79,,0.109999999,hv,hv72934047,2022-03-01T19:30:44.410Z,"3 km S of Pāhala, Hawaii",earthquake,0.61,0.75,4.56,4,automatic,hv,hv
2022-03-01T19:07:50.196Z,64.5131,-146.8915,3.7,1.8,ml,,,,0.64,ak,ak0222rjlo0a,2022-03-01T19:14:50.267Z,"1 km SSE of Salcha, Alaska",earthquake,,0.2,,,automatic,ak,ak
2022-03-01T19:05:49.880Z,19.1683330535889,-155.473999023438,32.3400001525879,2.21,ml,45,83,,0.129999995,hv,hv72934032,2022-03-01T19:11:20.220Z,"3 km S of Pāhala, Hawaii",earthquake,0.62,0.829999983,3.93,9,automatic,hv,hv
2022-03-01T19:00:31.720Z,38.8246651,-122.8433304,1.6,0.86,md,8,142,0.006666,0.02,nc,nc73699606,2022-03-01T19:32:18.434Z,"9km NW of The Geysers, CA",earthquake,0.68,1.17,,1,automatic,nc,nc
2022-03-01T18:55:19.470Z,46.195166666666665,-122.18733333333333,4.41,0.33,ml,9,132,0.005223,0.22,uw,uw61819676,2022-03-01T19:51:49.880Z,"37 km NNE of Amboy, Washington",earthquake,0.51,1.74,0.054874889980527974,4,reviewed,uw,uw
2022-03-01T18:53:24.640Z,34.383,-118.7715,10.01,1.56,ml,42,30,0.09948,0.26,ci,ci40197224,2022-03-01T20:58:43.525Z,"4km SSE of Piru, CA",earthquake,0.26,0.79,0.141,8,reviewed,ci,ci
2022-03-01T18:52:36.200Z,33.3415,-116.9045,15.38,0.81,ml,34,36,0.03705,0.27,ci,ci40197216,2022-03-01T18:56:12.001Z,"4km WSW of Palomar Observatory, CA",earthquake,0.39,1.14,0.147,21,automatic,ci,ci
2022-03-01T18:47:44.380Z,36.2435,-95.8325,0,2.13,ml,55,120,0.3338344903,0.44,ok,ok2022effw,2022-03-02T14:47:26.989Z,"3 km SE of Owasso, Oklahoma",quarry blast,,0.4,0.27,4,reviewed,ok,ok
2022-03-01T18:47:39.480Z,60.1533,-153.4745,159.7,2.4,ml,,,,0.59,ak,ak0222rj8s6i,2022-03-01T23:01:55.040Z,"47 km E of Port Alsworth, Alaska",earthquake,,0.5,,,reviewed,ak,ak
2022-03-01T18:45:57.550Z,35.4835,-120.61,1.42,1.46,md,36,84,0.09211,0.08,nc,nc73699601,2022-03-01T22:55:10.804Z,"6km E of Atascadero, CA",earthquake,0.23,1.25,0.194,23,reviewed,nc,nc
2022-03-01T18:44:57.020Z,39.423,-110.3233333,-1.16,1.48,md,4,191,0.001755,0.01,uu,uu60483702,2022-03-01T19:12:51.680Z,"15 km SSE of Sunnyside, Utah",earthquake,1.54,0.2,0.218,4,reviewed,uu,uu
2022-03-01T18:37:56.420Z,36.85366667,-97.78416667,7.79,1.76,ml,83,64,0.0602881694,0.25,ok,ok2022effo,2022-03-01T18:57:32.883Z,"6 km NW of Medford, Oklahoma",earthquake,,0.5,0.21,36,reviewed,ok,ok
2022-03-01T18:26:01.700Z,19.3268333333333,-155.108333333333,6.36,2,ml,40,152,,0.13,hv,hv72934007,2022-03-02T01:37:44.410Z,"15 km S of Fern Forest, Hawaii",earthquake,0.36,0.52,0.16604135598296,17,reviewed,hv,hv
2022-03-01T18:17:21.302Z,38.141,-118.0206,9.4,3.5,ml,29,53.59,0.048,0.1272,nn,nn00834659,2022-03-02T02:37:58.791Z,"28 km SSE of Mina, Nevada",earthquake,,1,0.35,12,reviewed,nn,nn
2022-03-01T18:14:56.989Z,13.2905,-104.5937,10,4.4,mb,,241,7.097,1.19,us,us6000h16y,2022-03-01T21:03:32.040Z,"northern East Pacific Rise",earthquake,12.7,2,0.058,89,reviewed,us,us
2022-03-01T18:10:40.270Z,34.1336667,-117.3235,10.76,0.97,ml,28,88,0.1463,0.18,ci,ci40197184,2022-03-01T18:14:12.750Z,"3km W of San Bernardino, CA",earthquake,0.35,0.81,0.173,19,automatic,ci,ci
2022-03-01T18:02:44.260Z,34.1325,-117.3305,13.96,1.36,ml,30,76,0.03126,0.19,ci,ci40197176,2022-03-01T18:06:19.252Z,"3km SSE of Muscoy, CA",earthquake,0.32,0.8,0.147,31,automatic,ci,ci
2022-03-01T18:02:10.110Z,33.4795,-117.8503333,12.36,1.8,ml,32,193,0.1186,0.24,ci,ci40197160,2022-03-01T18:05:53.534Z,"9km SW of Laguna Beach, CA",earthquake,0.74,1.26,0.274,30,automatic,ci,ci
2022-03-01T18:00:49.550Z,34.1328333,-117.33,10.5,1.34,ml,42,75,0.03078,0.2,ci,ci40197152,2022-03-01T18:04:27.133Z,"3km SSE of Muscoy, CA",earthquake,0.28,0.69,0.226,31,automatic,ci,ci
2022-03-01T17:51:52.550Z,35.9623333,-117.4463333,4.33,-0.1,ml,5,258,0.1288,0.07,ci,ci37399508,2022-03-01T20:06:26.241Z,"22km N of Searles Valley, CA",earthquake,0.52,0.54,0.058,1,reviewed,ci,ci
2022-03-01T17:51:24.840Z,35.9483333,-117.678,6.06,-0.14,ml,7,90,0.02242,0.03,ci,ci40197136,2022-03-01T20:11:50.091Z,"21km E of Little Lake, CA",earthquake,0.16,0.33,0.075,2,reviewed,ci,ci
2022-03-01T17:50:53.107Z,62.9543,-148.163,55.2,1.6,ml,,,,1.02,ak,ak0222rio0t7,2022-03-01T17:55:32.159Z,"62 km SE of Cantwell, Alaska",earthquake,,0.4,,,automatic,ak,ak
2022-03-01T17:47:24.455Z,85.3733,89.7965,10,4.2,mb,,82,11.138,0.89,us,us6000h16r,2022-03-01T20:30:37.040Z,"north of Severnaya Zemlya",earthquake,9.6,1.9,0.067,66,reviewed,us,us
2022-03-01T17:46:00.720Z,46.3153333,-111.642,-2,1.57,ml,7,161,0.343,0.26,mb,mb80539364,2022-03-01T22:03:24.540Z,"9 km SSW of The Silos, Montana",quarry blast,1.42,31.61,0.232,7,reviewed,mb,mb
2022-03-01T17:39:12.470Z,19.4785,-155.404166666667,-2.09,2.05,md,35,58,,0.17,hv,hv72933957,2022-03-02T01:43:47.900Z,"18 km WNW of Volcano, Hawaii",earthquake,0.22,0.15,0.0747853676020339,14,reviewed,hv,hv
2022-03-01T17:39:02.016Z,64.6621,-146.9003,7.1,1,ml,,,,0.34,ak,ak0222rilk0c,2022-03-01T17:43:28.553Z,"7 km E of Eielson Air Force Base, Alaska",earthquake,,0.3,,,automatic,ak,ak
2022-03-01T17:34:36.874Z,61.9478,-151.5252,67.3,1,ml,,,,0.25,ak,ak0222rikjya,2022-03-01T18:10:13.859Z,"8 km SW of Skwentna, Alaska",earthquake,,1,,,reviewed,ak,ak
2022-03-01T17:33:59.360Z,51.8683333333333,-177.866833333333,9.3,0.27,ml,4,216,,0.07,av,av91050728,2022-03-02T06:20:59.360Z,"84 km W of Adak, Alaska",earthquake,0.61,0.84,0.332506691083664,4,reviewed,av,av
2022-03-01T17:32:31.020Z,19.2036666870117,-155.464004516602,35.1199989318848,1.85000002,md,39,102,,0.129999995,hv,hv72933947,2022-03-01T17:35:56.520Z,"1 km E of Pāhala, Hawaii",earthquake,0.49,0.850000024,1.64999998,10,automatic,hv,hv
2022-03-01T17:26:23.239Z,62.8995,-150.2327,87.6,1.5,ml,,,,0.46,ak,ak0222riitba,2022-03-01T17:41:48.117Z,"50 km N of Chase, Alaska",earthquake,,0.8,,,automatic,ak,ak
2022-03-01T17:22:07.685Z,44.2703,-67.7046,12.25,2.5,ml,,154,0.471,0.39,us,us6000h14w,2022-03-02T06:59:14.040Z,"28 km SSW of Beals, Maine",earthquake,2.6,7.3,0.064,32,reviewed,us,us
2022-03-01T17:21:18.230Z,38.7816658,-122.7638321,0.58,0.34,md,12,77,0.01103,0.05,nc,nc73699586,2022-03-01T17:30:11.718Z,"1km NW of The Geysers, CA",earthquake,0.24,0.54,0.19,3,automatic,nc,nc
2022-03-01T17:18:22.490Z,17.9228333333333,-66.815,13.89,2.13,md,7,228,,0.13,pr,pr71338338,2022-03-01T18:48:27.620Z,"7 km S of Indios, Puerto Rico",earthquake,0.85,0.64,0.0679578137923664,4,reviewed,pr,pr
2022-03-01T17:14:46.510Z,61.9426,-149.0587,30.5,1.9,ml,,,,0.85,ak,ak0222rigai3,2022-03-01T17:19:35.224Z,"24 km NW of Sutton-Alpine, Alaska",earthquake,,0.2,,,automatic,ak,ak
2022-03-01T17:07:22.551Z,63.9874,-150.2447,16.3,1.3,ml,,,,0.72,ak,ak0222rieqnz,2022-03-01T17:14:13.814Z,"55 km W of Ferry, Alaska",earthquake,,0.4,,,automatic,ak,ak
2022-03-01T16:59:13.880Z,39.4201667,-110.3116667,-1.76,1.65,md,7,196,0.01112,0.13,uu,uu60483687,2022-03-01T18:10:43.280Z,"15 km SSE of Sunnyside, Utah",earthquake,0.82,0.57,0.311,7,reviewed,uu,uu
2022-03-01T16:57:00.260Z,61.3714,-151.938,8.1,0.2,ml,,,,0.2,ak,ak0222ri3tic,2022-03-02T03:16:02.270Z,"52 km WNW of Beluga, Alaska",earthquake,,1.3,,,reviewed,ak,ak
2022-03-01T16:56:52.710Z,33.5466652,-118.267334,-0.14,2.1,ml,33,109,0.167,0.23,ci,ci40197112,2022-03-01T17:00:40.919Z,"21km S of San Pedro, CA",earthquake,0.37,0.73,0.245,24,automatic,ci,ci
2022-03-01T16:54:33.850Z,35.6386667,-117.4488333,6.88,0.21,ml,8,118,0.05318,0.1,ci,ci40197120,2022-03-01T17:43:06.340Z,"15km SSW of Searles Valley, CA",earthquake,0.3,0.37,0.028,2,reviewed,ci,ci
2022-03-01T16:51:12.230Z,37.1243333,-121.9951667,14.48,2.68,md,106,83,0.04944,0.14,nc,nc73699581,2022-03-02T15:39:43.213Z,"5km SSW of Lexington Hills, CA",earthquake,0.14,0.25,0.148,111,reviewed,nc,nc
2022-03-01T16:48:46.235Z,60.8548,-148.4368,19,1.5,ml,,,,0.68,ak,ak0222ri258v,2022-03-01T17:07:23.006Z,"16 km ENE of Whittier, Alaska",earthquake,,0.2,,,automatic,ak,ak
2022-03-01T16:47:07.650Z,37.6228333,-119.4028333,25.15,1.72,md,7,213,0.3037,0.46,nc,nc73699576,2022-03-01T20:08:10.786Z,"20km SE of Yosemite Valley, CA",earthquake,1.86,4.9,0.039,7,reviewed,nc,nc
2022-03-01T16:46:19.740Z,38.7616667,-122.7271667,1.47,-0.08,md,8,133,0.001804,0.01,nc,nc73699571,2022-03-01T19:46:10.259Z,"3km SE of The Geysers, CA",earthquake,0.51,0.58,,1,reviewed,nc,nc
2022-03-01T16:43:20.380Z,38.8218346,-122.7870026,1.35,1.03,md,15,77,0.009884,0.03,nc,nc73699566,2022-03-01T17:29:31.713Z,"6km W of Cobb, CA",earthquake,0.24,0.56,0.38,2,automatic,nc,nc
2022-03-01T16:39:51.770Z,38.7723333,-122.8818333,3.11,1.27,md,44,148,0.02785,0.07,nc,nc73699561,2022-03-01T19:21:18.378Z,"11km W of The Geysers, CA",earthquake,0.24,0.37,0.082,11,reviewed,nc,nc
2022-03-01T16:30:18.164Z,61.1034,-148.4107,4.2,1.5,ml,,,,1.14,ak,ak0222rhy86w,2022-03-01T18:14:54.565Z,"39 km NNE of Whittier, Alaska",ice quake,,0.4,,,automatic,ak,ak
2022-03-01T16:26:01.150Z,38.8233337,-122.856163,2.11,0.37,md,10,69,0.01651,0.01,nc,nc73699556,2022-03-01T16:32:11.473Z,"10km WNW of The Geysers, CA",earthquake,0.34,0.99,,1,automatic,nc,nc
2022-03-01T16:19:55.330Z,38.8051682,-122.7746658,1.43,0.84,md,11,102,0.009348,0.02,nc,nc73699551,2022-03-01T16:36:26.373Z,"4km NNW of The Geysers, CA",earthquake,0.38,0.75,,1,automatic,nc,nc
2022-03-01T16:17:47.320Z,61.202,-152.2865,5.92,-0.56,ml,5,165,,0.12,av,av91050723,2022-03-02T06:11:00.410Z,"63 km WNW of Tyonek, Alaska",earthquake,0.69,0.74,0.0337125310040486,5,reviewed,av,av
2022-03-01T16:17:09.690Z,60.0153333333333,-153.099,0.85,-1.3,ml,4,167,,0.1,av,av91502541,2022-03-02T03:13:14.760Z,"61 km ENE of Pedro Bay, Alaska",earthquake,0.39,1.34,0.0749567048808522,4,reviewed,av,av
2022-03-01T16:14:45.704Z,38.2394,-118.3443,9.5,0.1,ml,9,238.04,0.127,0.0709,nn,nn00834720,2022-03-02T02:38:16.721Z,"26 km SW of Mina, Nevada",earthquake,,6.1,0,1,reviewed,nn,nn
2022-03-01T16:11:22.967Z,56.2007,-158.5021,91.8,2.6,ml,,,,0.6,ak,ak0222rhu5yi,2022-03-01T16:32:52.056Z,"12 km SSW of Chignik, Alaska",earthquake,,0.7,,,automatic,ak,ak
2022-03-01T16:08:52.620Z,17.9358333333333,-66.8191666666667,12.6,2.34,md,10,180,,0.15,pr,pr71338308,2022-03-01T16:24:29.050Z,"6 km S of Indios, Puerto Rico",earthquake,0.55,0.56,0.163662827741737,10,reviewed,pr,pr
2022-03-01T16:06:50.470Z,40.2943333,-124.3678333,29.6,2.54,md,22,225,0.02019,0.15,nc,nc73699546,2022-03-01T22:30:11.465Z,"8km WSW of Petrolia, CA",earthquake,0.93,0.52,0.221,34,reviewed,nc,nc
2022-03-01T16:03:40.330Z,40.277,-124.3668333,27.34,2.43,md,19,229,0.02178,0.08,nc,nc73699541,2022-03-01T22:15:10.376Z,"9km SW of Petrolia, CA",earthquake,0.56,0.32,0.321,29,reviewed,nc,nc
2022-03-01T16:02:14.224Z,62.5857,-151.933,106.9,1.7,ml,,,,0.45,ak,ak0222rhs7ud,2022-03-01T16:12:58.989Z,"60 km W of Petersville, Alaska",earthquake,,1,,,automatic,ak,ak
